{"fov_x": 1.1207618037309193, "fov_y": 0.8799052979787468, "poses": [[[0.9997269533209523, 0.018607036663161648, -0.014134956321907756, 4.332898742403607], [-0.018306522851865084, 0.9996097494444547, 0.02110023783441495, -0.19521666392252596], [0.014522053046336908, -0.020835714583630028, 0.9996774394639049, 0.19666586752831575]], [[0.9997232390329991, 0.018597404936769247, -0.014407701655254838, 3.4597359189570125], [-0.018301007280720785, 0.9996236123350384, 0.02043787647384211, -2.327723248996249], [0.014782370238903065, -0.020168544614494497, 0.9996873067806017, 0.011342115420771764]], [[0.999713190583819, 0.018590670029970738, -0.015097137495478813, 1.2477897213407068], [-0.018286556871819615, 0.9996319729989843, 0.020037973847961403, -3.616393611369383], [0.015464100701119062, -0.019756152104967867, 0.9996852284812011, -0.1913432049023931]], [[0.999700125842605, 0.01858969297854103, -0.015939940565861503, -1.4571905873061364], [-0.01826868122784284, 0.9996319918934565, 0.020053330629001095, -3.570173056481394], [0.016306859798105745, -0.019756115460387278, 0.9996718372673309, -0.38950588182319607]], [[0.9996890354775952, 0.018595757876094975, -0.01661415465465865, -3.6213111769425783], [-0.0182542089588196, 0.9996236443360699, 0.020478123438497225, -2.207647626516148], [0.01698870804867204, -0.020168477217882147, 0.9996522476969422, -0.5515270889483259]], [[0.9996846764222355, 0.018606822883237378, -0.016862202369860933, -4.417512838230216], [-0.01824867860498475, 0.9996097533529879, 0.02115010001751218, -0.04985369588102323], [0.017249158116913462, -0.02083571798068478, 0.9996341027598483, -0.6438165708178861]], [[0.9996890354795124, 0.018617920433443715, -0.016589315259413057, -3.5415224327898365], [-0.018254208961270654, 0.999595416273737, 0.02181255646944364, 2.0787987479798007], [0.016988707933227352, -0.021502948711010793, 0.9996244329744501, -0.6408731360099156]], [[0.9997001258437412, 0.018624078819064867, -0.015899750820354205, -1.3280896873473298], [-0.018268681229356695, 0.9995863462428244, 0.02221242199898055, 3.365442868406813], [0.01630685972676055, -0.02191529358831189, 0.9996268334897728, -0.5340708227292957]], [[0.9997131905827432, 0.018623233899014168, -0.015056949691565293, 1.3768906212995133], [-0.018286556870307006, 0.9995863628342249, 0.02219696091077678, 3.3192223135188237], [0.015464100772458321, -0.02191525484652493, 0.999640226877806, -0.33590814580849265]], [[0.9997232390313372, 0.018616619288397446, -0.014382865742354948, 3.5395246631097543], [-0.018301007278275074, 0.9995954420753058, 0.021772122424665107, 1.9587231254997004], [0.014782370354319434, -0.02150287582033972, 0.99965949595758, -0.07800393164081784]]]}